{"errors":[],"warnings":[],"namedChunkGroups":{"polyfill":{"chunks":[2,0,8],"assets":["webpack-runtime-7a0c90c8ccbea20a5078.js","webpack-runtime-7a0c90c8ccbea20a5078.js.map","commons-ac9a7a883d5647b5d0f0.js","commons-ac9a7a883d5647b5d0f0.js.map","polyfill-96c0e71935cde5505b8a.js","polyfill-96c0e71935cde5505b8a.js.map"],"children":{},"childAssets":{}},"app":{"chunks":[2,7,3],"assets":["webpack-runtime-7a0c90c8ccbea20a5078.js","webpack-runtime-7a0c90c8ccbea20a5078.js.map","framework-83e11af5cf111be5ad89.js","framework-83e11af5cf111be5ad89.js.map","app-732cb5372789ee071a41.js","app-732cb5372789ee071a41.js.map"],"children":{},"childAssets":{}},"component---src-pages-404-js":{"chunks":[1,0,4],"assets":["styles.b9b671d07a2c0ee22a90.css","styles-e9d24b1846c7d6eb9685.js","styles-e9d24b1846c7d6eb9685.js.map","commons-ac9a7a883d5647b5d0f0.js","commons-ac9a7a883d5647b5d0f0.js.map","component---src-pages-404-js-b5fd95b053db053707b3.js","component---src-pages-404-js-b5fd95b053db053707b3.js.map"],"children":{},"childAssets":{}},"component---src-pages-index-js":{"chunks":[1,0,5],"assets":["styles.b9b671d07a2c0ee22a90.css","styles-e9d24b1846c7d6eb9685.js","styles-e9d24b1846c7d6eb9685.js.map","commons-ac9a7a883d5647b5d0f0.js","commons-ac9a7a883d5647b5d0f0.js.map","component---src-pages-index-js-ebc4d032741abf1b6bf0.js","component---src-pages-index-js-ebc4d032741abf1b6bf0.js.map"],"children":{},"childAssets":{}},"component---src-pages-page-2-js":{"chunks":[1,0,6],"assets":["styles.b9b671d07a2c0ee22a90.css","styles-e9d24b1846c7d6eb9685.js","styles-e9d24b1846c7d6eb9685.js.map","commons-ac9a7a883d5647b5d0f0.js","commons-ac9a7a883d5647b5d0f0.js.map","component---src-pages-page-2-js-da0d91f0c7d462bf48de.js","component---src-pages-page-2-js-da0d91f0c7d462bf48de.js.map"],"children":{},"childAssets":{}}},"assetsByChunkName":{"polyfill":["webpack-runtime-7a0c90c8ccbea20a5078.js","commons-ac9a7a883d5647b5d0f0.js","polyfill-96c0e71935cde5505b8a.js"],"app":["webpack-runtime-7a0c90c8ccbea20a5078.js","framework-83e11af5cf111be5ad89.js","app-732cb5372789ee071a41.js"],"component---src-pages-404-js":["styles.b9b671d07a2c0ee22a90.css","styles-e9d24b1846c7d6eb9685.js","commons-ac9a7a883d5647b5d0f0.js","component---src-pages-404-js-b5fd95b053db053707b3.js"],"component---src-pages-index-js":["styles.b9b671d07a2c0ee22a90.css","styles-e9d24b1846c7d6eb9685.js","commons-ac9a7a883d5647b5d0f0.js","component---src-pages-index-js-ebc4d032741abf1b6bf0.js"],"component---src-pages-page-2-js":["styles.b9b671d07a2c0ee22a90.css","styles-e9d24b1846c7d6eb9685.js","commons-ac9a7a883d5647b5d0f0.js","component---src-pages-page-2-js-da0d91f0c7d462bf48de.js"]}}